geoid,Population,population-density,life-expectancy,medianAge,urban population,new_tests_7day_smoothed [population],motor vehicles per 1000 people,Longitude,Latitude,Average precipitation in depth (mm per year),total paid leave,fertility rate,muslims/population,chistians/population,unaffiliated/population,hindus/population,buddhists/population,jews/population,folkReligions/population,other/population,Population ages 65 and above (% of total population),GDP per capita (current US$),Cancer Rate (%),Share of Deaths from Smoking (%),Pneumonia Death Rate (per 100K),Share of Deaths from Air Pollution (%),CO2 emissions (metric tons per capita),Air transport (# carrier departures worldwide) per capita
Afghanistan/,38928346,56.93776001,64486,19.5,0.25,,47,65,33,327,35,4.6,0.80481,0.00077,0.00013,0.00026,0.00013,0.00013,0.00013,0.00051,2.58492694,520.8966027,0.529079232,4.08,69.13071516,11.5,0.293946407,0.0006276517888
Albania/,2877797,104.6122628,78458,34.3,0.63,,167,20,41,1485,32,1.6,0.89304,0.20154,0.01737,0.00174,0.00174,0.00174,0.00174,0.00174,13.74473591,5268.848504,1.152906741,19.11,12.1525875,7.53,1.978763312,0.001019877358
Algeria/,43851044,17.73007507,76693,28.9,0.73,,140,3,28,89,41,3.1,0.79200,0.00137,0.01505,0.00011,0.00011,0.00011,0.00023,0.00011,6.362496545,4114.715061,0.581716794,11.08,15.52482374,7.87,3.735520147,0.001766502982
Andorra/,77265,163.8425532,,46.2,0.88,,,1.5,42.5,,45,,0.06471,0.90597,0.06471,0.06471,0.06471,0.06471,0.06471,0.06471,0,42029.76274,2.409174488,14.25,18.12108169,4.17,5.832906215,0
Angola/,32866272,24.71305206,60782,15.9,0.67,,32,18.5,-12.5,1010,33,5.6,0.00122,0.52546,0.02982,0.00015,0.00015,0.00015,0.02404,0.00015,,,0.424512079,4.78,92.2164421,5.82,,
Argentina/,45195774,16.2585101,76.52,32.4,0.93,0.000646,316,-64,-34,591,25,2.3,0.00885,0.76158,0.10886,0.00011,0.00044,0.00443,0.00730,0.00266,11.11778888,11683.94962,1.176868831,15.61,56.33369413,5.12,4.781507775,0.003577502622
Aruba/,106766,588.0277778,76152,39.9,0.44,,,-69.9667,12.5,,,1.9,0.04683,0.93663,0.04683,0.04683,0.04683,0.04683,0.04683,0.04683,,,,,,,,
Australia/,25499884,3.24787091,82.74878049,37.5,0.86,0.002978,789,133,-27,534,30,1.8,0.02118,0.58745,0.21137,0.01216,0.02353,0.00431,0.00588,0.00706,15.65647523,57373.68668,3.042002085,12.62,9.071138937,2.86,15.38876602,0.0260936089
Austria/,9006398,107.1279669,81.69268293,44.5,0.57,0.003476,555,13.3333,47.3333,1110,38,1.5,0.04996,0.74947,0.12547,0.00056,0.00222,0.00111,0.00056,0.00111,19.00156646,51461.95478,2.228314728,14.13,4.587225585,4.29,6.86986793,0.01446305171
Azerbaijan/,10139177,120.2343172,72864,32.6,0.56,,124,47.5,40.5,447,40,2.1,0.87778,0.02762,0.00049,0.00049,0.00049,0.00049,0.00049,0.00049,,,,,,,,
Bahamas/,393244,38.52547453,73.55,,0.86,,81,-76,24.25,,,1.8,0.01271,0.83917,0.02543,0.01271,0.01271,0.01271,0.01271,0.01271,,,,,,,,
Bahrain/,1701575,2017.2737,77163,32.9,0.89,0.007549,422,50.55,26,83,44,2,0.52304,0.10578,0.01175,0.07052,0.01763,0.00294,0.00294,0.00294,2.426333878,24050.75751,0.642360539,9.89,18.80903443,12.23,23.45540632,0.03355361944
Bangladesh/,164689383,1239.579312,72.32,27.9,0.39,0.000108,4,90,24,2666,21,2.1,0.81626,0.00273,0.00003,0.07699,0.00559,0.00003,0.00061,0.00061,5.15839064,1698.262802,0.254187684,10.23,32.49877942,13.83,0.47365761,0.0006156041382
Barbados/,287375,666.6069767,79081,39.5,0.31,,387,-59.5333,13.1667,1422,,1.6,0.01740,0.90474,0.01740,0.01740,0.01740,0.01740,0.01740,0.01740,15.80269396,17949.28151,1.502144362,6.05,38.73698576,6.18,4.467476521,0
Belarus/,9449323,46.71950379,74.17560976,40.9,0.79,0.003060,369,28,53,618,29,1.7,0.00212,0.72280,0.28997,0.00053,0.00053,0.00053,0.00053,0.00053,,,,,,,,
Belgium/,11589623,377.3795905,81.59512195,41.6,0.98,0.005824,508,4,50.8333,847,30,1.7,0.05436,0.59363,0.26834,0.00043,0.00259,0.00259,0.00173,0.00086,18.78874374,47518.63604,2.129967521,18.44,19.68641753,4.57,8.328159898,0.01213792718
Belize/,397628,16.79399386,74496,23.9,0.46,,139,-88.75,17.25,1705,27,2.3,0.01257,0.67903,0.07545,0.01257,0.01257,0.01257,0.01257,0.01257,4.736458777,4884.742421,0.657790338,6.79,42.90143577,5.83,1.400941234,0.3160785732
Benin/,12123200,101.8539198,61.47,17,0.48,,24,2.25,9.5,1039,37,4.9,0.17405,0.38686,0.03712,0.00041,0.00041,0.00041,0.13198,0.00041,,,,,,,,
Bermuda/,62278,1183.703683,81.65170732,43.6,0.97,,,-64.75,32.3333,,,,0.08029,0.80285,0.16057,0.08029,0.08029,0.08029,0.08029,0.08029,0,85748.06541,1.540409081,11.83,13.13177427,4.33,8.838314988,0
Bhutan/,771608,19.77752777,71.46,29.1,0.46,,57,90.5,27.5,2200,,2,0.00648,0.00648,0.00648,0.20736,0.69984,0.00648,0.01296,0.00648,,,,,,,,
Bolivia/,11673021,10.48014585,71239,25.3,0.69,0.000274,72,-65,-17,1146,31,2.8,0.00043,0.79928,0.03427,0.00043,0.00043,0.00043,0.00771,0.00857,7.191947392,3548.59014,0.660451291,6.03,65.03915155,6.4,1.90636432,0.004848102304
Bosnia and Herzegovina/,3280819,64.92048828,77262,43.3,0.52,,258,18,44,1028,35,1.3,0.51816,0.60046,0.02743,0.00152,0.00152,0.00152,0.00152,0.00152,16.47031747,6065.672708,1.280815425,22.92,7.179361467,9.11,6.384938819,0
Botswana/,2351627,3.977424876,69275,25.7,0.73,,177,24,-22,416,29,2.9,0.00213,0.61659,0.17435,0.00213,0.00213,0.00213,0.05103,0.00425,4.223874346,8258.641666,0.53866266,6.33,58.98480094,5.77,3.367451334,0.002880558864
Brazil/,212559417,25.06171624,75672,33.2,0.88,0.000463,364,-55,-10,1761,28,1.7,0.00019,0.81530,0.07250,0.00002,0.00118,0.00052,0.02606,0.00141,8.922837832,8920.762105,0.775327051,12.43,40.05188178,4.91,2.612933521,0.00391741289
Brazil/Acre,881935,4.47,74.2,33.2,0.88,0.000463,364,-55,-10,1761,28,1.7,0.00019,0.81530,0.07250,0.00002,0.00118,0.00052,0.02606,0.00141,8.922837832,8920.762105,0.775327051,12.43,40.05188178,4.91,2.612933521,0.00391741289
Brazil/Alagoas,3337357,112.33,72,33.2,0.88,0.000463,364,-55,-10,1761,28,1.7,0.00019,0.81530,0.07250,0.00002,0.00118,0.00052,0.02606,0.00141,8.922837832,8920.762105,0.775327051,12.43,40.05188178,4.91,2.612933521,0.00391741289
Brazil/Amapa,4144597,4.69,74.2,33.2,0.88,0.000463,364,-55,-10,1761,28,1.7,0.00019,0.81530,0.07250,0.00002,0.00118,0.00052,0.02606,0.00141,8.922837832,8920.762105,0.775327051,12.43,40.05188178,4.91,2.612933521,0.00391741289
Brazil/Amazonas,845731,2.23,72.1,33.2,0.88,0.000463,364,-55,-10,1761,28,1.7,0.00019,0.81530,0.07250,0.00002,0.00118,0.00052,0.02606,0.00141,8.922837832,8920.762105,0.775327051,12.43,40.05188178,4.91,2.612933521,0.00391741289
Brazil/Bahia,14873064,24.82,73.7,33.2,0.88,0.000463,364,-55,-10,1761,28,1.7,0.00019,0.81530,0.07250,0.00002,0.00118,0.00052,0.02606,0.00141,8.922837832,8920.762105,0.775327051,12.43,40.05188178,4.91,2.612933521,0.00391741289
Brazil/Ceara,9132078,56.76,74.1,33.2,0.88,0.000463,364,-55,-10,1761,28,1.7,0.00019,0.81530,0.07250,0.00002,0.00118,0.00052,0.02606,0.00141,8.922837832,8920.762105,0.775327051,12.43,40.05188178,4.91,2.612933521,0.00391741289
Brazil/Distrito Federal,3015268,444.66,78.4,33.2,0.88,0.000463,364,-55,-10,1761,28,1.7,0.00019,0.81530,0.07250,0.00002,0.00118,0.00052,0.02606,0.00141,8.922837832,8920.762105,0.775327051,12.43,40.05188178,4.91,2.612933521,0.00391741289
Brazil/Espirito Santo,4018650,76.25,78.5,33.2,0.88,0.000463,364,-55,-10,1761,28,1.7,0.00019,0.81530,0.07250,0.00002,0.00118,0.00052,0.02606,0.00141,8.922837832,8920.762105,0.775327051,12.43,40.05188178,4.91,2.612933521,0.00391741289
Brazil/Goias,7018354,17.65,74.3,33.2,0.88,0.000463,364,-55,-10,1761,28,1.7,0.00019,0.81530,0.07250,0.00002,0.00118,0.00052,0.02606,0.00141,8.922837832,8920.762105,0.775327051,12.43,40.05188178,4.91,2.612933521,0.00391741289
Brazil/Maranhao,7075181,19.81,70.9,33.2,0.88,0.000463,364,-55,-10,1761,28,1.7,0.00019,0.81530,0.07250,0.00002,0.00118,0.00052,0.02606,0.00141,8.922837832,8920.762105,0.775327051,12.43,40.05188178,4.91,2.612933521,0.00391741289
Brazil/Mato Grosso,21168791,3.36,74.5,33.2,0.88,0.000463,364,-55,-10,1761,28,1.7,0.00019,0.81530,0.07250,0.00002,0.00118,0.00052,0.02606,0.00141,8.922837832,8920.762105,0.775327051,12.43,40.05188178,4.91,2.612933521,0.00391741289
Brazil/Mato Grosso do Sul,2778986,6.86,75.8,33.2,0.88,0.000463,364,-55,-10,1761,28,1.7,0.00019,0.81530,0.07250,0.00002,0.00118,0.00052,0.02606,0.00141,8.922837832,8920.762105,0.775327051,12.43,40.05188178,4.91,2.612933521,0.00391741289
Brazil/Minas Gerais,3484466,33.41,77.5,33.2,0.88,0.000463,364,-55,-10,1761,28,1.7,0.00019,0.81530,0.07250,0.00002,0.00118,0.00052,0.02606,0.00141,8.922837832,8920.762105,0.775327051,12.43,40.05188178,4.91,2.612933521,0.00391741289
Brazil/Para,8602865,6.07,72.3,33.2,0.88,0.000463,364,-55,-10,1761,28,1.7,0.00019,0.81530,0.07250,0.00002,0.00118,0.00052,0.02606,0.00141,8.922837832,8920.762105,0.775327051,12.43,40.05188178,4.91,2.612933521,0.00391741289
Brazil/Paraiba,4018127,66.7,73.5,33.2,0.88,0.000463,364,-55,-10,1761,28,1.7,0.00019,0.81530,0.07250,0.00002,0.00118,0.00052,0.02606,0.00141,8.922837832,8920.762105,0.775327051,12.43,40.05188178,4.91,2.612933521,0.00391741289
Brazil/Parana,3273227,52.4,77.4,33.2,0.88,0.000463,364,-55,-10,1761,28,1.7,0.00019,0.81530,0.07250,0.00002,0.00118,0.00052,0.02606,0.00141,8.922837832,8920.762105,0.775327051,12.43,40.05188178,4.91,2.612933521,0.00391741289
Brazil/Pernambuco,11433957,89.62,74.3,33.2,0.88,0.000463,364,-55,-10,1761,28,1.7,0.00019,0.81530,0.07250,0.00002,0.00118,0.00052,0.02606,0.00141,8.922837832,8920.762105,0.775327051,12.43,40.05188178,4.91,2.612933521,0.00391741289
Brazil/Piaui,9557071,12.4,71.2,33.2,0.88,0.000463,364,-55,-10,1761,28,1.7,0.00019,0.81530,0.07250,0.00002,0.00118,0.00052,0.02606,0.00141,8.922837832,8920.762105,0.775327051,12.43,40.05188178,4.91,2.612933521,0.00391741289
Brazil/Rio de Janeiro,3506853,365.23,76.5,33.2,0.88,0.000463,364,-55,-10,1761,28,1.7,0.00019,0.81530,0.07250,0.00002,0.00118,0.00052,0.02606,0.00141,8.922837832,8920.762105,0.775327051,12.43,40.05188178,4.91,2.612933521,0.00391741289
Brazil/Rio Grande do Norte,11377239,59.99,76,33.2,0.88,0.000463,364,-55,-10,1761,28,1.7,0.00019,0.81530,0.07250,0.00002,0.00118,0.00052,0.02606,0.00141,8.922837832,8920.762105,0.775327051,12.43,40.05188178,4.91,2.612933521,0.00391741289
Brazil/Rio Grande do Sul,605761,37.96,78,33.2,0.88,0.000463,364,-55,-10,1761,28,1.7,0.00019,0.81530,0.07250,0.00002,0.00118,0.00052,0.02606,0.00141,8.922837832,8920.762105,0.775327051,12.43,40.05188178,4.91,2.612933521,0.00391741289
Brazil/Rondonia,17264943,6.58,71.5,33.2,0.88,0.000463,364,-55,-10,1761,28,1.7,0.00019,0.81530,0.07250,0.00002,0.00118,0.00052,0.02606,0.00141,8.922837832,8920.762105,0.775327051,12.43,40.05188178,4.91,2.612933521,0.00391741289
Brazil/Roraima,1777225,2.01,71.8,33.2,0.88,0.000463,364,-55,-10,1761,28,1.7,0.00019,0.81530,0.07250,0.00002,0.00118,0.00052,0.02606,0.00141,8.922837832,8920.762105,0.775327051,12.43,40.05188178,4.91,2.612933521,0.00391741289
Brazil/Santa Catarina,7164788,65.27,79.4,33.2,0.88,0.000463,364,-55,-10,1761,28,1.7,0.00019,0.81530,0.07250,0.00002,0.00118,0.00052,0.02606,0.00141,8.922837832,8920.762105,0.775327051,12.43,40.05188178,4.91,2.612933521,0.00391741289
Brazil/Sao Paulo,2298696,166.23,78.4,33.2,0.88,0.000463,364,-55,-10,1761,28,1.7,0.00019,0.81530,0.07250,0.00002,0.00118,0.00052,0.02606,0.00141,8.922837832,8920.762105,0.775327051,12.43,40.05188178,4.91,2.612933521,0.00391741289
Brazil/Sergipe,45919049,94.36,72.9,33.2,0.88,0.000463,364,-55,-10,1761,28,1.7,0.00019,0.81530,0.07250,0.00002,0.00118,0.00052,0.02606,0.00141,8.922837832,8920.762105,0.775327051,12.43,40.05188178,4.91,2.612933521,0.00391741289
Brazil/Tocantins,1572866,4.98,73.7,33.2,0.88,0.000463,364,-55,-10,1761,28,1.7,0.00019,0.81530,0.07250,0.00002,0.00118,0.00052,0.02606,0.00141,8.922837832,8920.762105,0.775327051,12.43,40.05188178,4.91,2.612933521,0.00391741289
Brunei/,437479,81.39696395,75.58,31.1,0.8,,721,114.6667,4.5,2722,,1.8,0.68575,0.09143,0.01143,0.01143,0.06857,0.01143,0.04572,0.01143,4.873147568,31628.32879,2.287365627,15.27,39.96329111,2.79,22.2291779,0.0258526695
Bulgaria/,6948445,64.71109985,74.96341463,43.7,0.76,0.001466,393,25,43,608,32,1.6,0.14680,0.88509,0.04461,0.00072,0.00072,0.00072,0.00072,0.00072,,,1.659590404,18.86,12.95434144,7.14,,
Burkina Faso/,20903273,72.19128289,61174,17.9,0.31,,16,-2,13,748,45,5.2,0.48557,0.17748,0.00335,0.00024,0.00024,0.00024,0.12103,0.00024,,,0.454025222,1.83,126.8998112,8.33,,
Burundi/,11890784,435.178271,61247,17.7,0.14,,6,30,-3.5,1274,30,5.5,0.01934,0.64504,0.00042,0.00042,0.00042,0.00042,0.04037,0.00042,,,0.387557281,3.34,121.5234286,7.96,,
Cambodia/,16718965,92.05641287,69.57,26.4,0.24,,21,105,13,1904,45,2.5,0.01675,0.00299,0.00179,0.00030,0.81883,0.00030,0.00478,0.00030,,,,,,,,
Cameroon/,26545863,53.34398891,58921,18.5,0.56,,15,12,6,1604,,4.6,0.13524,0.51910,0.03955,0.00019,0.00019,0.00019,0.02449,0.01997,2.728877355,1533.74214,0.440479926,2.74,116.0201175,6.95,0.308791722,0.0002090721255
Canada/,37742154,4.075188239,81.94878049,41.8,0.81,0.002248,685,-95,60,537,22,1.5,0.01881,0.62185,0.21329,0.01245,0.00742,0.00927,0.01033,0.00795,17.23200668,46232.98962,4.629727772,17.67,11.57868045,2.8,15.15892722,0.03908262856
Cape Verde/,,134.9297767,72.57,,,567.000000,101,-24,16,,22,,5000.00000,440000.00000,50000.00000,5000.00000,5000.00000,5000.00000,5000.00000,5000.00000,,,,,,,,
Central African Republic/,4829767,7.490412212,52805,20,0.43,,4,21,7,1343,,4.8,0.07661,0.81577,0.00828,0.00104,0.00104,0.00104,0.00828,0.00104,,,,,,,,
Chad/,16425864,12.29173364,53.71,16.1,0.23,,6,19,15,322,27,5.8,0.37806,0.27761,0.01705,0.00030,0.00030,0.00030,0.00974,0.00122,2.480518944,728.3432354,0.378859336,1.13,148.4437073,9.77,0.053407242,0
Chile/,19116201,25.18944607,80042,35.5,0.85,0.001855,230,-71,-30,1522,30,1.7,0.00026,0.80037,0.07690,0.00026,0.00052,0.00105,0.01360,0.00157,11.52980166,15923.35874,1.237788506,9.26,19.76227628,5.05,4.6490622,0.007044338988
China/,1439323776,148.3488333,76704,38.4,0.61,,196,105,35,645,21,1.7,0.01715,0.04753,0.48681,0.00001,0.16960,0.00000,0.20447,0.00631,10.92088354,9770.847088,1.454289027,21.03,12.96889687,11.89,7.543907641,0.003259869724
Colombia/,50882891,44.74870212,77109,31.2,0.8,0.000753,126,-72,4,3240,33,1.8,0.00020,0.84134,0.05994,0.00010,0.00010,0.00010,0.00727,0.00079,8.47804702,6667.7907,0.875953763,8.3,15.09932772,5.11,1.790356827,0.007052409817
Comoros/,869601,447.2444775,64118,20.9,0.29,,33,44.25,-12.1667,900,,4.2,0.82797,0.00575,0.00575,0.00575,0.00575,0.00575,0.00575,0.00575,,,,,,,,
Congo/,5518087,15.35684627,62.8,,0.7,,,15,-1,1646,,4.5,,,,,,,,,,,,,,,,
Costa Rica/,5094118,97.91306306,80095,32.6,0.8,0.000561,224,-84,10,2926,19,1.8,0.00098,0.83037,0.07263,0.00098,0.00098,0.00098,0.00785,0.00196,9.549847673,12027.36588,1.336493848,9.36,10.604963,4.43,1.618087849,0.007799191146
Cote d'Ivoire/,26378274,78.83405346,57422,20.3,0.51,0.000069,41,0,0,1348,34,4.7,0.28015,0.33020,0.05952,0.00019,0.00019,0.00019,0.07658,0.00114,0,0,0,0,0,0,0,0
Croatia/,4105267,73.04937455,78.07073171,43.9,0.58,0.002500,389,15.5,45.1667,1113,33,1.4,0.01462,1.00115,0.05603,0.00122,0.00122,0.00122,0.00122,0.00122,20.44543301,14909.69319,2.153365611,18.24,6.427023522,6.03,3.973804906,0.00662295534
Cuba/,11326616,108.9995962,,42.1,0.78,0.000949,42,-80,21.5,1335,33,1.6,0.00044,0.58888,0.22866,0.00177,0.00044,0.00044,0.17304,0.00044,15.18621142,8821.818891,1.353519687,18.19,29.07299006,6.15,3.080994246,0.0007710746087
Cyprus/,1207359,128.7083333,80828,37.9,0.67,0.005089,509,33,35,498,34,1.3,0.23191,0.67089,0.00828,0.00414,0.00414,0.00414,0.00414,0.00414,,,,,,,,
Czech Republic/,0,137.6577053,79.02926829,43.3,0,40111.000000,539,15.5,49.75,677,33,0,5000.00000,2450000.00000,8020000.00000,5000.00000,5000.00000,5000.00000,5000.00000,5000.00000,19.42087689,23078.57349,2.113855018,18.84,15.66182801,5.85,9.165978376,50694
Democratic Republic of Congo/,5518087,37.08259236,60.03,16.7,0.7,0.000157,25,15,-1,1646,,4.5,0.17579,11.45506,0.21203,0.00544,0.00091,0.00091,0.08880,0.01812,3.017840622,561.7771824,0.373808856,2.59,111.6227305,8.33,0.063330889,0.003372943602
Denmark/,5792202,137.9765658,80.95365854,42,0.88,0.016984,438,10,56,703,36,1.8,0.03971,0.79935,0.11222,0.00345,0.00173,0.00086,0.00086,0.00086,19.81295264,61350.34791,2.493679851,21.58,18.23111893,4.36,5.935712482,0
Djibouti/,988000,41.36842105,66582,24.9,0.79,,28,43,11.5,220,35,2.8,0.87045,0.02024,0.00506,0.00506,0.00506,0.00506,0.00506,0.00506,4.527579378,3082.543099,0.520915766,5.51,79.51501977,6.49,0.803830216,0
Dominica/,71986,95.5,76.6,34.9,0.74,,163,-61.3333,15.4167,2083,22,,0.06946,0.97241,0.06946,0.06946,0.06946,0.06946,0.06946,0.06946,,,,,,,,
Dominican Republic/,10847910,219.9785759,73892,27.9,0.85,0.000532,153,-70.6667,19,1410,23,2.4,0.00046,0.80569,0.09956,0.00046,0.00046,0.00046,0.00830,0.00092,7.082817476,8050.631602,0.753248307,11.52,25.29051513,5.02,2.11899467,0
Ecuador/,17643054,68.78868175,76.8,28.8,0.63,0.000373,141,-77.5,-2,2274,23,2.4,0.00028,0.77141,0.04534,0.00028,0.00028,0.00028,0.00227,0.00028,7.157289727,6344.871979,0.693830173,5.4,36.41377435,4.41,2.753266363,0.003005885489
Egypt/,102334404,98.87346929,71.66,24.1,0.43,,109,30,27,51,28,3.3,0.75234,0.04026,0.00005,0.00005,0.00005,0.00005,0.00005,0.00005,5.229779346,2549.132252,0.543731123,13.88,33.5519322,12.12,2.232732005,0.001020898114
El Salvador/,6486205,309.8814672,73096,27.7,0.73,0.000533,41,-88.9167,13.8333,1784,26,2.1,0.00077,0.84179,0.10484,0.00077,0.00077,0.00077,0.00463,0.00308,8.287090005,4058.252439,0.813825469,5.34,43.20066203,6.39,0.998428944,0.004255338831
Eritrea/,3546421,,65941,20.3,0.63,,11,39,15,384,,4.1,0.54139,0.93334,0.00141,0.00141,0.00141,0.00141,0.00564,0.00141,,,,,,,,
Estonia/,1326535,30.41124914,78.24390244,43.7,0.68,0.004222,550,26,59,626,31,1.6,0.00377,0.40708,0.60307,0.00377,0.00377,0.00377,0.00377,0.00377,19.62635685,23266.34627,2.20173988,14.12,9.192635012,2.96,14.84881917,0.0005955364917
Eswatini/,1160164,66.05761628,59401,23.7,0.3,,,,,788,,3,,,,,,,,,4.014587941,4145.974112,0.551662124,4.93,97.87967456,5.6,1.098404505,0
Ethiopia/,114963588,109.224559,66.24,19.8,0.21,0.000190,9,38,8,848,25,4.3,0.24947,0.45293,0.00043,0.00004,0.00004,0.00004,0.01853,0.00004,,,,,,,,
Faeroe Islands/,48863,34.73996983,82.54878049,,0.43,,,,,,,,,,,,,,,,,,,,,,,
Fiji/,896445,48.35703339,67.25,29.9,0.59,0.000284,188,175,-18,2592,22,2.8,0.05578,0.61353,0.00558,0.26772,0.00558,0.00558,0.00558,0.00558,,,,,,,,
Finland/,5540720,18.14854727,81.73414634,42.8,0.86,0.003470,752,26,64,536,36,1.5,0.00722,0.77607,0.18409,0.00090,0.00090,0.00090,0.00090,0.00090,21.72078755,50152.34014,2.353037036,10.24,5.057654295,2.05,8.660721243,0.02270535237
France/,65273511,122.2994372,82.72439024,41.7,0.82,0.004775,478,2,46,867,36,1.9,0.07216,0.60607,0.26933,0.00046,0.00429,0.00475,0.00337,0.00153,20.03462475,41463.64402,2.091774092,13.64,10.98052703,3.28,4.573181595,0.009152441639
Gabon/,2225734,8.224764233,66187,21,0.87,,14,11.75,-1,1831,34,4,0.07638,0.51668,0.03594,0.00225,0.00225,0.00225,0.04044,0.00225,,,,,,,,
Gambia/,2416668,225.3065217,61.44,21.8,0.59,,7,-16.5667,13.4667,836,,5.3,0.67862,0.03310,0.00207,0.00207,0.00207,0.00207,0.00207,0.00207,2.589980939,716.118489,0.331867104,4.9,112.0379285,9.39,0.253640982,0.000258620547
Georgia/,3989167,65.19733021,73.6,38.6,0.58,,281,43.5,42,1026,39,2.1,0.11782,0.96511,0.00752,0.00125,0.00125,0.00125,0.00125,0.00125,,,,,,,,
Germany/,83783942,237.3075967,80.89268293,47.8,0.76,0.002782,561,9,51,700,30,1.6,0.05681,0.67483,0.24289,0.00095,0.00251,0.00275,0.00048,0.00119,21.461962,47603.02763,2.398478606,14.94,11.42272633,4.42,8.889370395,0.01101223721
Ghana/,31072940,130.8214292,63.78,21.4,0.57,0.000201,32,-2,8,1187,28,3.9,0.12422,0.58765,0.03283,0.00016,0.00016,0.00016,0.03862,0.00129,3.068898007,2202.312164,0.465036577,2.9,114.9090784,7.48,0.531371738,0.0004625568099
Greece/,10423054,83.26518231,81.78780488,45.3,0.85,0.002082,487,22,39,652,29,1.3,0.05852,0.96037,0.06716,0.00192,0.00048,0.00048,0.00096,0.00048,21.65527208,20324.25356,1.85735654,20.29,14.40514319,5.77,6.180337268,0.01381936619
Greenland/,56770,0.1364916555,71.25,34.3,0.87,,,-40,72,,,,0.08807,0.88075,0.08807,0.08807,0.08807,0.08807,0.08807,0.08807,,,,,,,,
Guam/,168775,306.9777778,79.63,29.4,0.95,,677,144.7833,13.4667,,,2.3,0.02963,1.00726,0.02963,0.02963,0.02963,0.02963,0.02963,0.02963,9.849910719,35712.56214,1.013283135,9.25,31.30552592,6.09,0,0
Guatemala/,17915568,152.5471258,74063,23.2,0.52,0.000228,115,-90.25,15.5,1996,25,2.9,0.00028,0.76414,0.03293,0.00028,0.00028,0.00028,0.00447,0.00056,4.812072508,4549.010081,0.574118049,4.23,81.44076798,8.07,1.151000836,0.0001788946909
Guinea/,13132795,50.52221227,61185,19.1,0.39,,5,-10,11,1651,33,4.7,0.64190,0.08300,0.01371,0.00038,0.00038,0.00038,0.02056,0.00038,,,,,,,,
Guyana/,786552,3.957348235,69774,27.5,0.27,,95,-59,5,2387,12,2.5,0.06357,0.63569,0.01271,0.24156,0.00636,0.00636,0.00636,0.00636,6.450271243,4979.002188,0.67575984,7.41,45.84605489,6.49,2.632392779,0.002455018867
Haiti/,11402528,403.5985486,63.66,24.1,0.57,,7,-72.4167,19,1440,27,3,0.00044,0.76211,0.09296,0.00044,0.00044,0.00044,0.01929,0.00263,,,,,,,,
Honduras/,9904607,85.68703191,75088,24.4,0.57,,18,-86.5,15,1976,19,2.5,0.00101,0.67241,0.07976,0.00050,0.00050,0.00050,0.00808,0.00404,4.690617659,2500.113213,0.577602037,8.95,15.89088323,6.57,1.057648023,0.001497484958
Hong Kong/,7496981,7096.190476,84.68,45.6,,0.015857,92,114.1667,22.25,,28,1.3,0.01734,0.13472,0.52688,0.00400,0.12405,0.00067,0.12005,0.01467,16.87504833,48675.61646,,,,,6.393600526,0.03269929589
Hungary/,9660351,107.9814868,76.06585366,43.6,0.72,0.003471,355,20,47,589,33,1.5,0.00052,0.83744,0.19254,0.00052,0.00052,0.00104,0.00052,0.00052,19.15772538,16161.98051,1.7429261,19.67,5.650862974,6.37,4.265574976,0.01899941317
Iceland/,341243,3.518413965,82.86097561,37.1,0.94,0.008258,824,-18,65,1940,38,1.8,0.01465,0.87914,0.02930,0.01465,0.01465,0.01465,0.01465,0.01465,14.79509256,73191.11632,2.513078688,14.65,14.79814866,2.67,6.059657407,0.1601594834
India/,1380004385,454.9380726,69416,28.7,0.35,0.000867,28,77,20,1083,27,2.2,0.12768,0.02256,0.00063,0.70561,0.00670,0.00001,0.00424,0.01997,6.179955649,2009.978857,0.312306273,9.03,52.49725845,12.52,1.727670507,0.0008696431519
Indonesia/,273523615,147.7521901,71509,31.1,0.56,0.000139,100,120,-5,2702,27,2.3,0.76454,0.08650,0.00088,0.01481,0.00629,0.00002,0.00274,0.00124,5.857165613,3893.596078,0.426835825,13.85,26.57089914,7.53,1.81937838,0.003507219591
Iran/,83992949,50.22242012,76.27,31.7,0.76,0.000536,178,53,32,228,53,2.2,0.87591,0.00131,0.00131,0.00024,0.00006,0.00006,0.00006,0.00179,6.184573806,5627.749268,0.863271746,10.24,15.39041239,7.66,8.384101101,0.00272408123
Iraq/,40222493,88.53057004,70.29,21.2,0.73,0.000825,105,44,33,216,,3.7,0.77917,0.00671,0.00099,0.00012,0.00012,0.00012,0.00012,0.00050,3.323599663,5834.166211,0.419400518,7.51,10.38641099,6.2,4.89491703,0.0005238611142
Ireland/,4937786,70.65344753,82.25609756,37.8,0.63,0.003374,444,-8,53,1118,29,1.8,0.01013,0.83236,0.05671,0.00203,0.00101,0.00101,0.00101,0.00101,13.8658017,78806432,2.354530107,18.48,17.5937044,3.61,7.313939808,0.189550742
Israel/,8655535,410.4805915,82.80243902,30.4,0.93,0.006713,394,34.75,31.5,435,21,3,0.15944,0.01733,0.02657,0.00058,0.00231,0.64814,0.00231,0.00058,11.97698602,41715.02928,1.452405519,13.34,17.84839215,5.68,7.863181348,0.006227344699
Italy/,60461826,205.4183722,83.34634146,46.5,0.69,0.003601,655,12.8333,42.8333,832,32,1.3,0.03672,0.83425,0.12405,0.00149,0.00182,0.00083,0.00132,0.00099,22.7516796,34483204,2.277105536,13.64,7.11485387,4.72,5.270866786,0.004243934015
Jamaica/,2961167,270.9930748,74368,29.4,0.55,0.000343,66,-77.5,18.25,2051,,2,0.00169,0.71593,0.15872,0.00169,0.00169,0.00169,0.04052,0.01013,,,,,,,,
Japan/,126476461,347.0734584,84.21097561,48.6,0.92,0.000325,649,138,36,1668,26,1.4,0.00158,0.01605,0.57022,0.00024,0.36228,0.00004,0.00356,0.04657,27.57636991,39289.95843,2.985185404,14.58,22.15590461,3.61,9.538706103,0.007903399511
Jordan/,10203134,112.1424983,74405,23.5,0.91,0.002439,123,36,31,111,26,2.8,0.58903,0.01274,0.00049,0.00049,0.00196,0.00049,0.00049,0.00049,3.846490398,4241.788782,0.704068038,12.13,18.11428306,7.08,2.965238308,0.003540774825
Kazakhstan/,18776707,6.769825721,73.15,31.6,0.58,0.001847,251,68,48,250,40,2.8,0.60128,0.21143,0.03568,0.00027,0.00213,0.00027,0.00266,0.00107,7.391846271,9812.601137,0.82055031,14.92,21.92918198,5.94,14.36316974,0.004435655304
Kenya/,53771296,90.29941666,66342,20,0.28,0.000165,70,38,1,630,28,3.5,0.07290,0.63863,0.01860,0.00112,0.00009,0.00009,0.01283,0.00930,2.339186612,1710.510097,0.377934053,3.39,93.61514343,6.54,0.305923722,0.00255902663
Kosovo/,,168.15,72.19512195,30.5,,,150,,,,32,,,,,,,,,,,,,,,,,
Kuwait/,4270571,232.1723906,75398,29.7,,0.001715,477,47.6581,29.3375,121,48,2.1,0.47535,0.09132,0.00117,0.05386,0.01873,0.00117,0.00117,0.00117,2.550472384,33994.40657,0.729435743,13.89,28.69543854,10.75,25.84922928,0.01087676566
Kyrgyz Republic/,6524195,32.96558916,71.4,27.3,0.36,0.000000,223,75,41,533,,3,0.71886,0.09350,0.00307,0.00077,0.00077,0.00077,0.00077,0.00077,4.494727976,1281.363661,0.574531,11.21,14.24027696,8.3,1.646395339,0.002505193663
Laos/,7275560,32,67.28,24,0.36,,20,105,18,,,2.7,0.00069,0.01237,0.00687,0.00069,0.56353,0.00069,0.26252,0.00687,4.075149964,2542.486528,0.41110246,11.8,69.69277779,11,0.294364883,0.001398221294
Latvia/,1886198,30.99347057,74.78292683,44.4,0.69,0.004284,381,25,57,641,32,1.7,0.00265,0.66801,0.52487,0.00265,0.00265,0.00265,0.00265,0.00265,,,,,,,,
Lebanon/,6825445,669.4941349,78875,33.7,0.78,,117,35.8333,33.8333,661,37,2.1,0.37946,0.23735,0.00147,0.00073,0.00073,0.00073,0.00073,0.00073,7.002368134,8269.787676,2.200755247,19.08,13.90359598,8.23,3.843598231,0.003771182685
Lesotho/,2142249,69.43781291,53705,24.7,0.31,,4,28.5,-29.5,788,22,3.2,0.00233,0.98028,0.03268,0.00233,0.00233,0.00233,0.00233,0.00233,4.901087497,1299.153126,0.522848771,7.35,120.1029033,6.83,1.207715726,0
Liberia/,5057681,50.03090739,63.73,18,0.53,,14,-9.5,6.5,2391,21,4.4,0.09491,0.67818,0.01186,0.00099,0.00099,0.00099,0.00395,0.00099,,,,,,,,
Libya/,6871292,3.795632381,72724,25.8,0.78,0.000600,483,,,56,,2.3,0.89357,0.02474,0.00146,0.00073,0.00291,0.00073,0.00073,0.00073,,,,,,,,
Lithuania/,2722289,44.72307577,75.6804878,44.5,0.71,0.004517,463,24,56,656,34,1.7,0.00184,1.09467,0.12122,0.00184,0.00184,0.00184,0.00184,0.00184,,,,,,,,
Luxembourg/,625978,250.1851852,82.29512195,39.5,0.88,0.019267,670,6.1667,49.75,934,43,1.5,0.01598,0.57510,0.22365,0.00799,0.00799,0.00799,0.00799,0.00799,14.18315418,116639888,2.563117583,15.19,13.35703721,3.79,17.36212137,0.082788852
Macao/,649335,20777.50026,76.22,40.8,,0.000000,172,113.55,22.1667,0,0,1.2,0.00770,0.06160,0.12320,0.00770,0.13860,0.00770,0.49281,0.00770,10.48420293,87208.53591,,,,,2.174572354,0.03759384601
Madagascar/,27691018,45.13985562,66681,20.3,0.39,0.000058,27,47,-20,1513,35,4.1,0.02239,0.63847,0.05200,0.00036,0.00018,0.00018,0.03395,0.00072,2.986717126,527.501285,0.414500993,3.15,117.1435165,10.13,0.130420845,0.0003672671044
Malawi/,19129952,192.4407616,63798,16.8,0.18,0.000036,8,34,-13.5,1181,,4.3,0.10089,0.64402,0.01934,0.00026,0.00026,0.00026,0.01359,0.00026,2.64543493,389.3980332,0.468143301,2.96,91.62136892,6.78,0.078339597,0.0001216417062
Malaysia/,32365999,95.96282149,75997,29.2,0.78,0.000824,433,112.5,2.5,2875,19,2,0.55923,0.08249,0.00587,0.05314,0.15479,0.00015,0.02008,0.00185,6.671754625,11373233,0.783179443,14.32,112.9098132,6.87,8.130210313,0.01472943875
Mali/,20250833,15.63501586,58.45,16,0.44,,12,-4,17,282,,5.9,0.71651,0.01827,0.00346,0.00025,0.00025,0.00025,0.02025,0.00025,2.507229758,899.6599081,0.393821527,1.4,60.93683904,6.19,0.083369355,0
Mauritania/,4649658,4.272163578,64704,21,0.57,0.000411,10,-12,20,92,22,4.6,0.73769,0.00108,0.00108,0.00108,0.00108,0.00108,0.00430,0.00108,3.141112158,1188.834588,0.483407624,2.63,83.33593901,8.27,0.689388119,0.001212312706
Mauritius/,1271768,623.3019704,74.41634146,36.3,0.41,,192,57.55,-20.2833,2041,38,1.4,0.17299,0.33025,0.00393,0.49537,0.00393,0.00393,0.00393,0.00393,11.47417307,11238.69039,0.772651479,10.9,22.7451741,7.31,3.353110472,0.01174742563
Mexico/,128932753,64.91462641,74992,29.3,0.84,0.000168,297,-102,23,758,13,2.1,0.00004,0.83695,0.04134,0.00004,0.00004,0.00054,0.00054,0.00016,7.223684981,9673.443674,0.894715491,7.25,19.82003555,6.76,3.990446149,0.004581667468
Moldova/,4033963,94.26443028,71808,37.7,0.43,,201,29,47,450,20,1.3,0.00496,0.86268,0.01239,0.00124,0.00124,0.00496,0.00124,0.00124,,,,,,,,
Monaco/,39242,26337,85.8,55.4,,,899,7.4,43.7333,,,,0.12741,0.76449,0.12741,0.12741,0.12741,0.12741,0.12741,0.12741,,,,,,,,
Mongolia/,3278290,2.040608667,69689,29.8,0.67,,71,105,46,241,15,2.9,0.02745,0.01830,0.30199,0.00153,0.46366,0.00153,0.03050,0.00153,4.083538787,4121.732435,0.631546393,13.83,21.81236685,7.84,7.088025678,0.00237227335
Morocco/,36910560,80.72851893,76453,29.1,0.64,0.000651,103,-5,32,346,25,2.4,0.86506,0.00054,0.00014,0.00014,0.00014,0.00014,0.00014,0.00014,7.012904821,3222.200634,0.62808944,8.33,21.61185389,8.92,1.750794556,0.002171573663
Mozambique/,31255435,37.50853531,60163,17,0.38,0.000066,14,35,-18.25,1032,19,4.9,0.13438,0.42425,0.13438,0.00016,0.00016,0.00016,0.05503,0.00016,2.890764457,498.9572202,0.457598238,3.82,95.97107882,5.64,0.320578017,0.0003352696899
Myanmar/,54409800,82.23861548,66867,29.2,0.31,0.000487,20,98,22,2091,24,2.2,0.03492,0.06892,0.00441,0.01507,0.70594,0.00009,0.05073,0.00147,5.784641933,1325.952924,0.586053381,16.61,59.3317367,11.07,0.41375859,0.001183572895
Namibia/,2540905,2.973745582,63373,21.8,0.55,0.000705,106,17,-22,285,,3.4,0.00197,0.87764,0.01574,0.00197,0.00197,0.00197,0.00197,0.00197,3.636031681,5931.453886,0.543290319,6.76,74.07970846,6.06,1.651692817,0.005723551254
Nepal/,29136808,195.9391071,70478,25.3,0.21,0.000558,5,84,28,1500,28,1.9,0.04702,0.00480,0.00275,0.82953,0.10571,0.00017,0.03775,0.00069,,,,,,,,
Netherlands/,17134872,511.4759276,81.81219512,42.8,0.92,0.002005,487,5.75,52.5,778,28,1.7,0.05836,0.49081,0.40794,0.00467,0.00233,0.00175,0.00175,0.00175,19.19619263,53024.05921,2.818549509,20.25,16.39636629,4.42,9.920138075,0.01902216112
New Zealand/,4822233,18.38517337,81.85853659,37.2,0.87,0.004348,860,174,-41,1732,31,1.9,0.01037,0.51636,0.33180,0.01866,0.01452,0.00104,0.00415,0.00622,15.65242453,41945.33167,3.211580864,12.89,8.137243446,2.13,7.686575825,0.03895518943
Nicaragua/,6624554,53.72704836,74275,27.3,0.57,,79,-85,13,2280,20,2.4,0.00075,0.75024,0.11020,0.00075,0.00075,0.00075,0.01208,0.00075,5.247497448,2028.894755,0.612097552,6.36,16.28074206,6.51,0.791576323,0
Niger/,24206644,17.71765059,62024,14.8,0.17,,7,8,16,151,34,7,0.63082,0.00496,0.00454,0.00021,0.00021,0.00021,0.00021,0.00021,2.595007883,413.980305,0.353763204,0.94,119.9041305,8.93,0.110542757,0
Nigeria/,206139589,215.064989,54332,18.6,0.52,0.000041,64,8,10,1150,,5.4,0.37499,0.37863,0.00330,0.00002,0.00005,0.00002,0.01111,0.00044,2.747377005,2028.18197,0.573096291,0.85,92.92574979,7.21,0.545794085,0.0003758750413
Norway/,5421241,14.54829163,82.75853659,39.5,0.83,0.004320,514,10,62,1414,35,1.7,0.03320,0.76366,0.09039,0.00369,0.00553,0.00092,0.00092,0.00184,17.04922216,81697.24598,3.149720455,14.26,15.27950426,2.79,9.270945132,0
Oman/,5106626,15.6041454,77.39,26.2,0.87,0.000903,335,57,21,125,31,2.9,0.46802,0.03525,0.00098,0.02937,0.00392,0.00098,0.00098,0.00587,2.392786956,16415.15728,0.645021569,8.23,26.64407744,8.07,15.18879511,0.01501421878
Pakistan/,220892340,275.2893187,67114,22,0.35,0.000191,17,70,30,494,29,3.6,0.75788,0.01245,0.00009,0.01508,0.00009,0.00002,0.00014,0.00009,4.312774311,1482.403063,0.597205025,9.08,35.0810628,9.04,0.851472804,0.0002197541119
Palestine/,,847,73.74,,,7981.000000,42,,,,33,,3940000.00000,100000.00000,5000.00000,5000.00000,5000.00000,5000.00000,5000.00000,5000.00000,,,,,,,,
Panama/,4314767,56.18607748,78329,30.1,0.68,0.002873,171,-80,9,2928,40,2.5,0.00695,0.75786,0.03940,0.00116,0.00116,0.00232,0.00464,0.00464,8.10473108,15575.07255,0.982381717,8.12,22.63322706,4.5,2.255854757,0.02761400558
Papua New Guinea/,8947024,19.00436338,64263,24,0.13,,13,147,-6,3142,19,3.6,0.00056,0.76003,0.00056,0.00056,0.00056,0.00056,0.00335,0.00224,3.445269251,2730.274799,0.596347202,12.45,113.2314881,11.98,0.795074226,0.004643462539
Paraguay/,7132538,17.50835892,74131,29.7,0.62,0.000567,98,-58,-23,1130,22,2.4,0.00070,0.87627,0.00981,0.00070,0.00070,0.00070,0.01542,0.00140,6.430215009,5821.814323,0.682727349,13.12,26.54566891,6.46,0.864029477,0.000590953739
Peru/,32971854,24.99160625,76.29,29.1,0.79,0.000237,78,-76,-10,1738,34,2.3,0.00015,0.84254,0.02608,0.00015,0.00152,0.00015,0.00880,0.00273,8.088392792,6941.235848,0.655925982,4.97,51.43508834,6.75,2.051984358,0.004277143863
Philippines/,109581078,357.6883053,71095,24.1,0.47,0.000352,38,122,13,2348,17,2.6,0.04700,0.78818,0.00082,0.00005,0.00073,0.00005,0.01305,0.00119,5.122568768,3102.713363,0.593539368,14.06,126.0522128,9.66,1.05114223,0.002668800174
Poland/,37846611,124.0234822,77.60243902,41.9,0.6,0.001735,719,20,52,600,36,1.4,0.00013,0.95385,0.05681,0.00013,0.00013,0.00026,0.00013,0.00013,17.51781676,15420.91116,1.635208395,19.39,15.88291442,6.25,7.517151585,0.003273820211
Portugal/,10196709,112.2619412,81.32439024,44.6,0.66,0.004019,492,-8,39.5,854,35,1.3,0.00294,0.96208,0.07846,0.00049,0.00196,0.00049,0.00098,0.00049,21.95385754,23407.90659,1.761483237,10.43,24.58782313,3.8,4.331554028,0.0179227435
Puerto Rico/,2860853,360.0173619,79.77819512,43.6,,,,-66.5,18.25,2054,15,1.2,0.00175,1.26885,0.02447,0.00175,0.00350,0.00175,0.01049,0.00175,18.67485021,31651.34815,1.24440414,5.4,21.79625886,3.7,0,0
Qatar/,2881053,239.5931955,80.1,33.7,0.96,0.003007,411,51.25,25.5,74,25,1.9,0.41304,0.08330,0.00694,0.08330,0.01735,0.00174,0.00174,0.00347,1.370070339,68793.78444,0.998635471,7.39,18.80268861,9.2,43.85730795,0.06865927145
Romania/,19237691,84.63380129,75.35853659,42.5,0.55,0.001864,458,25,46,637,34,1.6,0.00364,1.11136,0.00104,0.00026,0.00026,0.00026,0.00026,0.00026,18.33870139,12301.1864,1.633056952,15.51,21.69072367,5.79,3.516153691,0.002892083047
Russia/,145934462,8.822067953,72.12,40.3,0.74,0.003874,381,100,60,460,45,1.8,0.09792,0.71779,0.15884,0.00021,0.00116,0.00158,0.00212,0.00003,14.67470832,11288.87845,1.754436206,16.41,17.73043811,5.42,11.85752777,0.006065010196
Rwanda/,12952218,498.6598703,68.7,19.7,0.18,0.000427,5,30,-2,1212,26,4.1,0.01467,0.76589,0.02934,0.00039,0.00039,0.00039,0.00772,0.00154,2.938196078,772.9444599,0.441838617,5.56,93.22594955,8.1,0.075764224,0.001423617175
San Marino/,33931,563.0833333,85.42,45.2,0.97,,1263,12.4167,43.7667,,,,0.14736,0.88415,0.14736,0.14736,0.14736,0.14736,0.14736,0.14736,,,,,,,,
Saudi Arabia/,34813871,15.67665431,74998,30.8,0.84,0.001932,209,45,25,59,30,2.3,0.73304,0.03447,0.00517,0.00890,0.00259,0.00014,0.00201,0.00201,3.314088023,23338.96346,0.908721275,5.92,28.64011854,9.23,19.44066648,0.007297773548
Senegal/,16743927,82.34747832,67665,19.4,0.49,0.000097,44,-14,14,686,32,4.7,0.71548,0.02688,0.00030,0.00030,0.00030,0.00030,0.00030,0.00030,,,,,,,,
Serbia/,8737371,79.8376858,75.8902439,43.4,0.56,0.002303,336,,,686,31,1.5,0.03777,0.85724,0.02976,0.00057,0.00057,0.00057,0.00057,0.00057,18.34579269,7246.731656,1.761549381,19.99,10.30197527,8.01,5.282521917,0.003222937426
Seychelles/,98347,210.3521739,72.84146341,36.8,0.56,,22,55.6667,-4.5833,2330,34,2.5,0.05084,0.91513,0.05084,0.05084,0.05084,0.05084,0.05084,0.05084,7.594545604,16433.93529,1.287976966,11.54,79.01521626,5.43,5.418677963,0.1898481906
Sierra Leone/,7976983,105.987171,54309,19.1,0.43,,6,-11.5,8.5,2526,,4.3,0.57415,0.15419,0.00063,0.00063,0.00063,0.00063,0.00627,0.00063,2.966556211,533.9911843,0.407415789,3.42,138.2487198,8.57,0.186560088,0
Singapore/,5850342,7952.998418,83.14634146,35.6,,0.005750,170,103.8,1.3667,2497,18,1.2,0.12478,0.15726,0.14187,0.04444,0.29571,0.00085,0.02051,0.08376,11.46338019,64581.94402,2.174969716,12.1,41.84535578,6.64,10.30633191,0.03568799909
Slovak Republic/,5459642,113.2855865,77.26585366,41.8,0.54,0.003298,408,19.5,48.6667,824,35,1.5,0.00092,0.85354,0.14287,0.00092,0.00092,0.00092,0.00092,0.00092,15.6292465,19442.70576,2.11595951,15.61,20.22993263,5.96,5.661581328,0
Slovenia/,2078938,102.9636605,81.37804878,44.9,0.55,0.003088,541,15,46,1162,33,1.6,0.03367,0.76481,0.17798,0.00241,0.00241,0.00241,0.00241,0.00241,19.60687965,26123.97387,2.073678982,14.89,12.24346427,4.6,6.213686845,0.008871837448
Solomon Islands/,686884,23.32468739,72835,23.5,0.23,,3,159,-8,3028,15,4.4,0.00728,0.75704,0.00728,0.00728,0.00728,0.00728,0.00728,0.00728,,,,,,,,
Somalia/,15893222,23.9234769,57068,18.5,0.47,,3,49,10,282,22,6.1,0.58578,0.00031,0.00031,0.00031,0.00031,0.00031,0.00031,0.00031,,,,,,,,
South Africa/,59308690,47.63011978,63857,28,0.67,0.000804,174,24,-29,495,27,2.4,0.01450,0.68641,0.12561,0.00961,0.00169,0.00118,0.00354,0.00287,5.318005005,6374.028196,0.556269555,6.3,62.16391298,4.96,8.979062348,0.003040316453
South Korea/,51269185,529.3585013,82.63,43.2,0.82,0.000601,475,127.5,37,1274,30,1.1,0.00195,0.27638,0.43574,0.00010,0.21553,0.00010,0.00780,0.00215,14.41855583,31362.75147,2.210582796,16.04,17.67501381,5.79,11.57034541,0.01026686888
South Sudan/,11193725,18,57604,18.6,0.25,0.000057,,,,,32,4.7,0.05449,0.53691,0.00447,0.00045,0.00045,0.00045,0.29213,0.00045,3.39848288,1119.651332,0.448355243,2.45,140.1842424,9.33,0.141748232,0
Spain/,46754778,93.67719744,83.43170732,43.9,0.8,0.003610,648,-4,40,636,36,1.3,0.02096,0.77511,0.18693,0.00043,0.00011,0.00128,0.00043,0.00021,,,2.119853473,15.36,10.16887927,4.11,,
Sri Lanka/,21413249,345.558922,76812,33.7,0.18,0.000669,70,81,7,1712,40,2.2,0.09527,0.07145,0.00023,0.13216,0.67482,0.00023,0.00023,0.00023,10.47321975,4102.48135,0.537432573,10.07,24.19874754,6.67,0.885247473,0.001607649544
Sudan/,43849260,25,65095,18.3,0.35,,27,30,15,250,,4.4,0.69534,0.04128,0.00798,0.00011,0.00011,0.00011,0.02167,0.00011,3.581160528,977.2736357,0.423723785,1.37,30.39750247,8.65,0.299732598,7.23E-05
Suriname/,586632,3.69225,71.57,31,0.65,,349,-56,4,2331,30,2.4,0.13637,0.46025,0.05114,0.17046,0.00852,0.00852,0.05114,0.00852,,,,,,,,
Sweden/,10099265,24.98149812,82.55853659,41.1,0.88,0.003995,479,15,62,624,34,1.9,0.04258,0.62480,0.25150,0.00198,0.00396,0.00099,0.00198,0.00198,20.09552493,54608.36025,2.433869445,14.35,11.20746289,2.45,4.478182178,0
Switzerland/,8654622,215.4653505,83.75365854,42.7,0.74,0.003632,716,8,47,1537,27,1.5,0.04391,0.64359,0.18487,0.00462,0.00462,0.00231,0.00058,0.00116,,,2.110949955,14.98,7.886846735,3.58,,
Syria/,17500658,92.06710777,70.97,23.5,0.6,,368,38,35,252,37,2.8,1.08167,0.06057,0.02400,0.00029,0.00029,0.00029,0.00029,0.00029,4.503124421,2032.623489,0.572073777,8.77,16.78564351,6.65,1.640539063,9.59E-06
Taiwan/,23816775,652,80.19,42.3,0.79,0.000062,333,121,23.5,,19,1.2,0.00042,0.05374,0.12386,0.00021,0.20784,0.00021,0.43079,0.15787,,,2.715254451,15.45,33.59103582,7.08,,
Tajikistan/,9537645,65.57271417,70879,25.3,0.27,,38,71,39,691,,3.6,0.69724,0.01153,0.01048,0.00052,0.00052,0.00052,0.00052,0.00052,,,,,,,,
Tanzania/,59734218,63.5790788,65015,18.2,0.37,,7,35,-6,1071,37,4.9,0.26400,0.46104,0.01088,0.00084,0.00008,0.00008,0.01339,0.00050,2.601299178,1060.994615,0.448789036,4.43,94.56126331,7.9,0.231426985,0.0008634414533
Thailand/,69799978,135.8972068,76931,39,0.51,0.000125,226,100,15,1622,19,1.5,0.05401,0.00860,0.00272,0.00100,0.92292,0.00007,0.00086,0.00007,11.90089314,7273.563207,0.629747052,12.03,40.42401088,6.55,4.620377146,0.006817860258
Timor-Leste/,1318445,85.27047747,69.26,19.6,0.33,,,,,1500,,4.1,0.00379,0.84949,0.00379,0.00379,0.00379,0.00379,0.00379,0.00379,,,,,,,,
Togo/,8278724,145.0467733,60.49,20,0.43,0.000145,27,1.1667,8,1168,22,4.4,0.10146,0.31889,0.04469,0.00060,0.00060,0.00060,0.25970,0.00362,,,,,,,,
Tonga/,105695,143.3291667,70801,24.1,0.24,,174,-175,-20,,,3.6,0.04731,0.94612,0.04731,0.04731,0.04731,0.04731,0.04731,0.04731,,,,,,,,
Trinidad and Tobago/,1399488,270.9274854,73.38,37.8,0.52,0.000511,292,-61,11,2200,24,1.7,0.05716,0.62880,0.02144,0.21436,0.00357,0.00357,0.02144,0.01429,10.73495352,17129.91309,0.964836513,8.86,20.19768675,7.94,33.96641445,0.02341570632
Tunisia/,11818619,74.44132338,76505,32.7,0.7,0.000347,129,9,34,207,16,2.2,0.88251,0.00169,0.00169,0.00042,0.00042,0.00042,0.00042,0.00042,8.315679079,3447.50791,0.731108244,16.2,16.03659247,8.68,2.605932406,0.003506839505
Turkey/,84339067,106.9601289,77437,32.2,0.76,0.002372,358,35,39,593,26.5,2.1,0.84575,0.00379,0.01020,0.00006,0.00047,0.00024,0.00024,0.00178,8.48321294,9370.176344,0.95246871,19.16,13.36273825,9.94,4.479773496,0.009164501962
Turkmenistan/,6031200,12.45059477,68073,29.2,0.53,,107,60,40,161,,2.8,0.77762,0.05306,0.00497,0.00083,0.00083,0.00083,0.00083,0.00083,,,,,,,,
Uganda/,45741007,213.0617345,62973,15.7,0.26,0.000121,12,32,1,1180,28,5,0.08395,0.63357,0.00372,0.00219,0.00011,0.00011,0.00634,0.00087,1.94098692,642.7767443,0.52120401,2.39,78.81358709,5.85,0.141664527,0.0001056382515
Ukraine/,43733762,77.0296708,71.58268293,41.2,0.69,0.001139,219,32,49,565,37,1.4,0.01280,0.87118,0.15297,0.00023,0.00046,0.00114,0.00011,0.00011,16.43468644,3095.173581,1.602203378,16.97,15.16317002,7.27,5.020747064,0.001525411877
United Arab Emirates/,9890402,135.6091101,77814,38.4,0.86,0.014785,234,54,24,78,32,1.4,0.58440,0.09504,0.00910,0.04954,0.01517,0.00051,0.00051,0.00607,,,0.930793187,9.51,45.83255643,7.85,,
United Kingdom/,67886011,274.7089819,81.25609756,40.6,0.83,0.004845,471,-2,54,1220,28,1.8,0.04360,0.58760,0.25366,0.01311,0.00412,0.00427,0.00088,0.00678,,,2.791155517,15.27,24.11005138,4.08,,
United Kingdom/England,55980000,432,79.8,40.6,0.83,0.004845,471,-2,54,1220,28,1.8,0.04360,0.58760,0.25366,0.01311,0.00412,0.00427,0.00088,0.00678,,,2.791155517,15.27,24.11005138,4.08,,
United Kingdom/Northern Ireland,1882000,137,78.8,40.6,0.83,0.004845,471,-2,54,1220,28,1.8,0.04360,0.58760,0.25366,0.01311,0.00412,0.00427,0.00088,0.00678,,,2.791155517,15.27,24.11005138,4.08,,
United Kingdom/Scotland,5454000,70,77.2,40.6,0.83,0.004845,471,-2,54,1220,28,1.8,0.04360,0.58760,0.25366,0.01311,0.00412,0.00427,0.00088,0.00678,,,2.791155517,15.27,24.11005138,4.08,,
United Kingdom/Wales,3136000,152,78.5,40.6,0.83,0.004845,471,-2,54,1220,28,1.8,0.04360,0.58760,0.25366,0.01311,0.00412,0.00427,0.00088,0.00678,,,2.791155517,15.27,24.11005138,4.08,,
United States Virgin Islands/,,305.6485714,79.6,,,,,,,,,,5000.00000,100000.00000,5000.00000,5000.00000,5000.00000,5000.00000,5000.00000,5000.00000,,,,,,,,
United States/,331002651,35.71362209,78.53902439,38.5,0.83,0.005495,838,-97,38,715,0,1.8,0.00837,0.73431,0.15402,0.00541,0.01079,0.01719,0.00190,0.00574,15.80765406,62794.58565,5.42440701,14.77,15.88386085,3.76,16.50283724,0.02984758572
United States/Alabama,4903185,36.9,75.4,38.5,0.83,0.005495,838,-97,38,715,0,1.8,0.00837,0.73431,0.15402,0.00541,0.01079,0.01719,0.00190,0.00574,15.80765406,62794.58565,5.42440701,14.77,15.88386085,3.76,16.50283724,0.02984758572
United States/Alaska,731545,0.5,78.8,38.5,0.83,0.005495,838,-97,38,715,0,1.8,0.00837,0.73431,0.15402,0.00541,0.01079,0.01719,0.00190,0.00574,15.80765406,62794.58565,5.42440701,14.77,15.88386085,3.76,16.50283724,0.02984758572
United States/Arizona,7278717,22.5,79.9,38.5,0.83,0.005495,838,-97,38,715,0,1.8,0.00837,0.73431,0.15402,0.00541,0.01079,0.01719,0.00190,0.00574,15.80765406,62794.58565,5.42440701,14.77,15.88386085,3.76,16.50283724,0.02984758572
United States/Arkansas,3017804,22,75.9,38.5,0.83,0.005495,838,-97,38,715,0,1.8,0.00837,0.73431,0.15402,0.00541,0.01079,0.01719,0.00190,0.00574,15.80765406,62794.58565,5.42440701,14.77,15.88386085,3.76,16.50283724,0.02984758572
United States/California,39512223,95,81.6,38.5,0.83,0.005495,838,-97,38,715,0,1.8,0.00837,0.73431,0.15402,0.00541,0.01079,0.01719,0.00190,0.00574,15.80765406,62794.58565,5.42440701,14.77,15.88386085,3.76,16.50283724,0.02984758572
United States/Colorado,5758736,19.6,80.5,38.5,0.83,0.005495,838,-97,38,715,0,1.8,0.00837,0.73431,0.15402,0.00541,0.01079,0.01719,0.00190,0.00574,15.80765406,62794.58565,5.42440701,14.77,15.88386085,3.76,16.50283724,0.02984758572
United States/Connecticut,3565287,286.7,80.9,38.5,0.83,0.005495,838,-97,38,715,0,1.8,0.00837,0.73431,0.15402,0.00541,0.01079,0.01719,0.00190,0.00574,15.80765406,62794.58565,5.42440701,14.77,15.88386085,3.76,16.50283724,0.02984758572
United States/Delaware,973764,183.4,78.4,38.5,0.83,0.005495,838,-97,38,715,0,1.8,0.00837,0.73431,0.15402,0.00541,0.01079,0.01719,0.00190,0.00574,15.80765406,62794.58565,5.42440701,14.77,15.88386085,3.76,16.50283724,0.02984758572
United States/Florida,705749,140.8,80,38.5,0.83,0.005495,838,-97,38,715,0,1.8,0.00837,0.73431,0.15402,0.00541,0.01079,0.01719,0.00190,0.00574,15.80765406,62794.58565,5.42440701,14.77,15.88386085,3.76,16.50283724,0.02984758572
United States/Georgia,21477737,67.1,77.8,38.5,0.83,0.005495,838,-97,38,715,0,1.8,0.00837,0.73431,0.15402,0.00541,0.01079,0.01719,0.00190,0.00574,15.80765406,62794.58565,5.42440701,14.77,15.88386085,3.76,16.50283724,0.02984758572
United States/Hawaii,10617423,84.4,82.3,38.5,0.83,0.005495,838,-97,38,715,0,1.8,0.00837,0.73431,0.15402,0.00541,0.01079,0.01719,0.00190,0.00574,15.80765406,62794.58565,5.42440701,14.77,15.88386085,3.76,16.50283724,0.02984758572
United States/Idaho,1415872,7.5,79.3,38.5,0.83,0.005495,838,-97,38,715,0,1.8,0.00837,0.73431,0.15402,0.00541,0.01079,0.01719,0.00190,0.00574,15.80765406,62794.58565,5.42440701,14.77,15.88386085,3.76,16.50283724,0.02984758572
United States/Illinois,1787065,89.6,79.3,38.5,0.83,0.005495,838,-97,38,715,0,1.8,0.00837,0.73431,0.15402,0.00541,0.01079,0.01719,0.00190,0.00574,15.80765406,62794.58565,5.42440701,14.77,15.88386085,3.76,16.50283724,0.02984758572
United States/Indiana,12671821,70.8,77,38.5,0.83,0.005495,838,-97,38,715,0,1.8,0.00837,0.73431,0.15402,0.00541,0.01079,0.01719,0.00190,0.00574,15.80765406,62794.58565,5.42440701,14.77,15.88386085,3.76,16.50283724,0.02984758572
United States/Iowa,6732219,80.8,79.4,38.5,0.83,0.005495,838,-97,38,715,0,1.8,0.00837,0.73431,0.15402,0.00541,0.01079,0.01719,0.00190,0.00574,15.80765406,62794.58565,5.42440701,14.77,15.88386085,3.76,16.50283724,0.02984758572
United States/Kansas,3155070,13.7,78.5,38.5,0.83,0.005495,838,-97,38,715,0,1.8,0.00837,0.73431,0.15402,0.00541,0.01079,0.01719,0.00190,0.00574,15.80765406,62794.58565,5.42440701,14.77,15.88386085,3.76,16.50283724,0.02984758572
United States/Kentucky,2913314,43,75.4,38.5,0.83,0.005495,838,-97,38,715,0,1.8,0.00837,0.73431,0.15402,0.00541,0.01079,0.01719,0.00190,0.00574,15.80765406,62794.58565,5.42440701,14.77,15.88386085,3.76,16.50283724,0.02984758572
United States/Louisiana,4467673,41.3,76.1,38.5,0.83,0.005495,838,-97,38,715,0,1.8,0.00837,0.73431,0.15402,0.00541,0.01079,0.01719,0.00190,0.00574,15.80765406,62794.58565,5.42440701,14.77,15.88386085,3.76,16.50283724,0.02984758572
United States/Maine,4648794,16.6,78.7,38.5,0.83,0.005495,838,-97,38,715,0,1.8,0.00837,0.73431,0.15402,0.00541,0.01079,0.01719,0.00190,0.00574,15.80765406,62794.58565,5.42440701,14.77,15.88386085,3.76,16.50283724,0.02984758572
United States/Maryland,1344212,235.8,79.1,38.5,0.83,0.005495,838,-97,38,715,0,1.8,0.00837,0.73431,0.15402,0.00541,0.01079,0.01719,0.00190,0.00574,15.80765406,62794.58565,5.42440701,14.77,15.88386085,3.76,16.50283724,0.02984758572
United States/Massachusetts,6045680,331.3,80.5,38.5,0.83,0.005495,838,-97,38,715,0,1.8,0.00837,0.73431,0.15402,0.00541,0.01079,0.01719,0.00190,0.00574,15.80765406,62794.58565,5.42440701,14.77,15.88386085,3.76,16.50283724,0.02984758572
United States/Michigan,6892503,67.6,78,38.5,0.83,0.005495,838,-97,38,715,0,1.8,0.00837,0.73431,0.15402,0.00541,0.01079,0.01719,0.00190,0.00574,15.80765406,62794.58565,5.42440701,14.77,15.88386085,3.76,16.50283724,0.02984758572
United States/Minnesota,9986857,26.3,80.9,38.5,0.83,0.005495,838,-97,38,715,0,1.8,0.00837,0.73431,0.15402,0.00541,0.01079,0.01719,0.00190,0.00574,15.80765406,62794.58565,5.42440701,14.77,15.88386085,3.76,16.50283724,0.02984758572
United States/Mississippi,5639632,24.6,74.9,38.5,0.83,0.005495,838,-97,38,715,0,1.8,0.00837,0.73431,0.15402,0.00541,0.01079,0.01719,0.00190,0.00574,15.80765406,62794.58565,5.42440701,14.77,15.88386085,3.76,16.50283724,0.02984758572
United States/Missouri,2976149,33.9,77.3,38.5,0.83,0.005495,838,-97,38,715,0,1.8,0.00837,0.73431,0.15402,0.00541,0.01079,0.01719,0.00190,0.00574,15.80765406,62794.58565,5.42440701,14.77,15.88386085,3.76,16.50283724,0.02984758572
United States/Montana,6137428,2.7,78.8,38.5,0.83,0.005495,838,-97,38,715,0,1.8,0.00837,0.73431,0.15402,0.00541,0.01079,0.01719,0.00190,0.00574,15.80765406,62794.58565,5.42440701,14.77,15.88386085,3.76,16.50283724,0.02984758572
United States/Nebraska,1068778,24.3,79.6,38.5,0.83,0.005495,838,-97,38,715,0,1.8,0.00837,0.73431,0.15402,0.00541,0.01079,0.01719,0.00190,0.00574,15.80765406,62794.58565,5.42440701,14.77,15.88386085,3.76,16.50283724,0.02984758572
United States/Nevada,1934408,9.8,78.5,38.5,0.83,0.005495,838,-97,38,715,0,1.8,0.00837,0.73431,0.15402,0.00541,0.01079,0.01719,0.00190,0.00574,15.80765406,62794.58565,5.42440701,14.77,15.88386085,3.76,16.50283724,0.02984758572
United States/New Hampshire,3080156,57.1,79.5,38.5,0.83,0.005495,838,-97,38,715,0,1.8,0.00837,0.73431,0.15402,0.00541,0.01079,0.01719,0.00190,0.00574,15.80765406,62794.58565,5.42440701,14.77,15.88386085,3.76,16.50283724,0.02984758572
United States/New Jersey,1359711,1210.1,80.4,38.5,0.83,0.005495,838,-97,38,715,0,1.8,0.00837,0.73431,0.15402,0.00541,0.01079,0.01719,0.00190,0.00574,15.80765406,62794.58565,5.42440701,14.77,15.88386085,3.76,16.50283724,0.02984758572
United States/New Mexico,8882190,17.2,78.1,38.5,0.83,0.005495,838,-97,38,715,0,1.8,0.00837,0.73431,0.15402,0.00541,0.01079,0.01719,0.00190,0.00574,15.80765406,62794.58565,5.42440701,14.77,15.88386085,3.76,16.50283724,0.02984758572
United States/New York,2096829,417,81.3,38.5,0.83,0.005495,838,-97,38,715,0,1.8,0.00837,0.73431,0.15402,0.00541,0.01079,0.01719,0.00190,0.00574,15.80765406,62794.58565,5.42440701,14.77,15.88386085,3.76,16.50283724,0.02984758572
United States/North Carolina,19453561,78.2,78,38.5,0.83,0.005495,838,-97,38,715,0,1.8,0.00837,0.73431,0.15402,0.00541,0.01079,0.01719,0.00190,0.00574,15.80765406,62794.58565,5.42440701,14.77,15.88386085,3.76,16.50283724,0.02984758572
United States/North Dakota,10488084,4,79.9,38.5,0.83,0.005495,838,-97,38,715,0,1.8,0.00837,0.73431,0.15402,0.00541,0.01079,0.01719,0.00190,0.00574,15.80765406,62794.58565,5.42440701,14.77,15.88386085,3.76,16.50283724,0.02984758572
United States/Ohio,762062,109.3,76.9,38.5,0.83,0.005495,838,-97,38,715,0,1.8,0.00837,0.73431,0.15402,0.00541,0.01079,0.01719,0.00190,0.00574,15.80765406,62794.58565,5.42440701,14.77,15.88386085,3.76,16.50283724,0.02984758572
United States/Oklahoma,11689100,21.7,76,38.5,0.83,0.005495,838,-97,38,715,0,1.8,0.00837,0.73431,0.15402,0.00541,0.01079,0.01719,0.00190,0.00574,15.80765406,62794.58565,5.42440701,14.77,15.88386085,3.76,16.50283724,0.02984758572
United States/Oregon,3956971,15.8,79.8,38.5,0.83,0.005495,838,-97,38,715,0,1.8,0.00837,0.73431,0.15402,0.00541,0.01079,0.01719,0.00190,0.00574,15.80765406,62794.58565,5.42440701,14.77,15.88386085,3.76,16.50283724,0.02984758572
United States/Pennsylvania,4217737,110.2,78.3,38.5,0.83,0.005495,838,-97,38,715,0,1.8,0.00837,0.73431,0.15402,0.00541,0.01079,0.01719,0.00190,0.00574,15.80765406,62794.58565,5.42440701,14.77,15.88386085,3.76,16.50283724,0.02984758572
United States/Rhode Island,12801989,392.7,79.9,38.5,0.83,0.005495,838,-97,38,715,0,1.8,0.00837,0.73431,0.15402,0.00541,0.01079,0.01719,0.00190,0.00574,15.80765406,62794.58565,5.42440701,14.77,15.88386085,3.76,16.50283724,0.02984758572
United States/South Carolina,1059361,61.3,77,38.5,0.83,0.005495,838,-97,38,715,0,1.8,0.00837,0.73431,0.15402,0.00541,0.01079,0.01719,0.00190,0.00574,15.80765406,62794.58565,5.42440701,14.77,15.88386085,3.76,16.50283724,0.02984758572
United States/South Dakota,5148714,4.3,79.1,38.5,0.83,0.005495,838,-97,38,715,0,1.8,0.00837,0.73431,0.15402,0.00541,0.01079,0.01719,0.00190,0.00574,15.80765406,62794.58565,5.42440701,14.77,15.88386085,3.76,16.50283724,0.02984758572
United States/Tennessee,884659,60.8,76,38.5,0.83,0.005495,838,-97,38,715,0,1.8,0.00837,0.73431,0.15402,0.00541,0.01079,0.01719,0.00190,0.00574,15.80765406,62794.58565,5.42440701,14.77,15.88386085,3.76,16.50283724,0.02984758572
United States/Texas,6829174,39.1,79.1,38.5,0.83,0.005495,838,-97,38,715,0,1.8,0.00837,0.73431,0.15402,0.00541,0.01079,0.01719,0.00190,0.00574,15.80765406,62794.58565,5.42440701,14.77,15.88386085,3.76,16.50283724,0.02984758572
United States/Utah,28995881,13.6,79.9,38.5,0.83,0.005495,838,-97,38,715,0,1.8,0.00837,0.73431,0.15402,0.00541,0.01079,0.01719,0.00190,0.00574,15.80765406,62794.58565,5.42440701,14.77,15.88386085,3.76,16.50283724,0.02984758572
United States/Vermont,3205958,26.3,79.7,38.5,0.83,0.005495,838,-97,38,715,0,1.8,0.00837,0.73431,0.15402,0.00541,0.01079,0.01719,0.00190,0.00574,15.80765406,62794.58565,5.42440701,14.77,15.88386085,3.76,16.50283724,0.02984758572
United States/Virgin Islands,623989,305.9,79.6,38.5,0.83,0.005495,838,-97,38,715,0,1.8,0.00837,0.73431,0.15402,0.00541,0.01079,0.01719,0.00190,0.00574,15.80765406,62794.58565,5.42440701,14.77,15.88386085,3.76,16.50283724,0.02984758572
United States/Virginia,8535519,80.8,79.5,38.5,0.83,0.005495,838,-97,38,715,0,1.8,0.00837,0.73431,0.15402,0.00541,0.01079,0.01719,0.00190,0.00574,15.80765406,62794.58565,5.42440701,14.77,15.88386085,3.76,16.50283724,0.02984758572
United States/Washington,7614893,40.5,80.4,38.5,0.83,0.005495,838,-97,38,715,0,1.8,0.00837,0.73431,0.15402,0.00541,0.01079,0.01719,0.00190,0.00574,15.80765406,62794.58565,5.42440701,14.77,15.88386085,3.76,16.50283724,0.02984758572
United States/Washington DC,,11570,78,38.5,0.83,0.005495,838,-97,38,715,0,1.8,0.00837,0.73431,0.15402,0.00541,0.01079,0.01719,0.00190,0.00574,15.80765406,62794.58565,5.42440701,14.77,15.88386085,3.76,16.50283724,0.02984758572
United States/West Virginia,1792147,29.8,74.8,38.5,0.83,0.005495,838,-97,38,715,0,1.8,0.00837,0.73431,0.15402,0.00541,0.01079,0.01719,0.00190,0.00574,15.80765406,62794.58565,5.42440701,14.77,15.88386085,3.76,16.50283724,0.02984758572
United States/Wisconsin,5822434,40.9,79.4,38.5,0.83,0.005495,838,-97,38,715,0,1.8,0.00837,0.73431,0.15402,0.00541,0.01079,0.01719,0.00190,0.00574,15.80765406,62794.58565,5.42440701,14.77,15.88386085,3.76,16.50283724,0.02984758572
United States/Wyoming,578759,2.3,79,38.5,0.83,0.005495,838,-97,38,715,0,1.8,0.00837,0.73431,0.15402,0.00541,0.01079,0.01719,0.00190,0.00574,15.80765406,62794.58565,5.42440701,14.77,15.88386085,3.76,16.50283724,0.02984758572
Uruguay/,3473730,19.70802765,77.77,35.5,0.96,0.001781,280,-56,-33,1300,25,2,0.00144,0.56136,0.39439,0.00144,0.00144,0.00144,0.00864,0.00144,14.81451953,17277.97011,1.489823658,14.13,24.11213092,3.56,1.984240835,0
Uzbekistan/,33469203,77.47085096,71573,30.1,0.5,,37,64,41,206,,2.4,0.79327,0.01882,0.00657,0.00015,0.00030,0.00030,0.00030,0.00015,4.419137878,1532.371677,0.587011732,10.19,35.11694115,9.67,3.420722746,0.0006427998898
Vanuatu/,307145,24.00984413,70323,23,0.24,,54,167,-16,206,15,3.8,0.01628,0.71627,0.01628,0.01628,0.01628,0.01628,0.01628,0.01628,,,,,,,,
Venezuela/,28435940,32.73079191,72.25,30,,,145,-66,8,2044,,2.3,0.00317,0.91047,0.10198,0.00018,0.00018,0.00018,0.00211,0.00070,7.26698662,16054.49051,1.134870218,9.23,19.74587517,5.33,6.164731034,0.0008786767731
Vietnam/,97338579,308.1252459,75317,31.9,0.38,0.000255,23,106,16,1821,22,2.1,0.00164,0.07366,0.26752,0.00005,0.14773,0.00005,0.40837,0.00360,7.274978298,2566.59695,0.603065672,14.24,22.97805645,8.28,1.819893977,0.002915462738
Yemen/,29825964,53.97785291,,19.8,0.38,,37,48,15,167,37,3.8,0.79897,0.00134,0.00067,0.00503,0.00017,0.00017,0.00017,0.00017,,,,,,,,
Zambia/,18383955,23.3414789,63.51,16.9,0.45,0.000356,23,30,-15,1020,31,4.7,0.00381,0.69463,0.00381,0.00054,0.00027,0.00027,0.00218,0.00653,2.099678026,1539.900158,0.474567911,3.68,93.85563273,6,0.292412222,3.99E-05
Zimbabwe/,14862924,37.32459093,61195,20.5,0.38,0.000137,60,,,657,33,3.6,0.00740,0.73539,0.06661,0.00034,0.00034,0.00067,0.03230,0.00269,2.939523653,2146.996385,0.566520697,7.41,137.6330045,7.67,0.884721294,0.0002317175275
